{
	"grouped": true,
	"title": "Login Form",
    "controllerName": "GeneralSetting",
	"sections": [
		{ "title":"Awesome Login Form", "headerImage":"logo", "footer":"Please type your credentials.", "elements": [
				{ "type":"QEntryElement", "keyboardType":"EmailAddress", "title":"Login","placeholder":"Login or email", "bind":"textValue:login", "key":"login"},
				{  "type":"QEntryElement", "title":"Password", "placeholder":"Password",  "secureTextEntry":true, "bind":"textValue:password","key":"password" },
                { "type":"QBooleanElement", "title":"Auto Login", "boolValue":0, "bind":"boolValue:bool","key":"autologin"},
                                                                                                                     
                                                                                                                     
			]
		},
		{ "elements":[
                { "type":"QButtonElement", "key":"button", "title":"Login", "controllerAction":"onLogin:"}
			]
		}
	]
}